{
  "scores": {
    "descend_in|moving|see": {
      "walk_forward": 32.778679285894164,
      "walk_backward": 0.33177201101827436,
      "signal_sphere": 0.39349163023279293,
      "crawl_forward": 0.21210338614043456
    },
    "descend_in|moving|blind": {
      "turn_left": -0.20115214244165824,
      "walk_forward": -12.174159192631713,
      "stand": -1.5562912136438862,
      "signal_sphere": 2.340905832100178,
      "walk_backward": -3.8546954132211577,
      "turn_right": -1.5982693441176727,
      "stand_up": -0.10046935049379452,
      "crawl_forward": -0.9051516686081387
    },
    "scan_debris|moving|blind": {
      "turn_left": 7.5
    },
    "ascend_out|stuck|blind": {
      "turn_right": 3.28919938623167,
      "stand_up": 2.040494202585637,
      "walk_forward": 5.396956197929311,
      "stand": 0.28919938623167013,
      "signal_sphere": 0.21210338614043456,
      "crawl_forward": 0.21210338614043456,
      "precision_turn_left": 4.5,
      "turn_left": 0.1663241352886976,
      "precision_turn_right": 1.5
    },
    "ascend_out|moving|blind": {
      "walk_forward": 33.95588800896389,
      "turn_right": 0.33177201101827436,
      "walk_backward": 0.5438753971587089,
      "signal_sphere": 1.0877507943174178,
      "crawl_forward": 1.1222741696220493,
      "turn_left": 0.28919938623167013
    },
    "descend_in|navigating|see": {
      "walk_forward": 2.718983534490336
    },
    "scan_debris|navigating|see": {
      "stand": 0.33177201101827436
    },
    "signal_sphere|moving|see": {
      "signal_sphere": 4.580754832657939,
      "turn_left": 0.21210338614043456,
      "stand": 0.21210338614043456,
      "walk_forward": 0.3907215268917845
    },
    "ascend_out|navigating|blind": {
      "walk_forward": 8.977026171364232,
      "walk_backward": 0.6209713972499444,
      "signal_sphere": 0.33177201101827436,
      "stand": 0.33177201101827436,
      "stand_up": 0.28919938623167013,
      "turn_right": 0.30258151113591536
    },
    "scan_debris|moving|see": {
      "stand": 10.854577838012894
    },
    "signal_sphere|moving|blind": {
      "turn_left": 2.2869832604655858,
      "walk_forward": 0.21210338614043456
    },
    "signal_sphere|stuck|blind": {
      "turn_left": 2.2869832604655858
    },
    "signal_sphere|stuck|see": {
      "turn_left": 0.39349163023279293,
      "stand": 0.39349163023279293,
      "signal_sphere": 0.9081765275091429
    },
    "ascend_out|stuck|see": {
      "walk_forward": 20.881871484618255,
      "turn_right": 0.6585452286566617,
      "turn_left": 1.5,
      "walk_backward": 0.9589378797451207,
      "stand": 0.25686688534554114
    },
    "descend_in|navigating|blind": {
      "walk_forward": -33.453677541280285,
      "turn_left": -3.8286811116247623,
      "walk_backward": -1.2584229651936667,
      "stand_up": -1.2584229651936667,
      "turn_right": -2.5702581464310956,
      "stand": -1.311835181237429,
      "crawl_forward": -3.8512872492035886,
      "signal_sphere": -0.451480901802602
    },
    "descend_in|stuck|blind": {
      "turn_right": -0.7493569102151327,
      "turn_left": -19.245142749760696,
      "walk_forward": -12.143000325495677,
      "stand": -4.595442796457425,
      "crawl_forward": -0.388085152428137,
      "signal_sphere": -1.3866327731468013,
      "stand_up": -1.5011814156288625,
      "precision_turn_left": 7.5
    },
    "ascend_out|moving|see": {
      "walk_forward": 2.281917757605514
    },
    "descend_in|stuck|see": {
      "turn_right": 1.5,
      "crawl_forward": 9.465459832402527,
      "walk_forward": 2.836654580042182,
      "turn_left": 1.5,
      "precision_turn_left": 4.5
    },
    "ascend_out|navigating|see": {
      "walk_forward": 1.5641009020169514,
      "precision_turn_right": 1.5
    },
    "scan_debris|stuck|see": {
      "turn_left": 3.0,
      "stand": 0.30258151113591536
    },
    "scan_debris|stuck|blind": {
      "turn_left": 3.0,
      "turn_right": 1.5
    }
  },
  "actions": [],
  "trained_runs": [
    "2026-05-29T16-38-31-a462",
    "2026-05-29T16-41-25-4cfe",
    "2026-05-29T16-42-33-c4c7",
    "2026-05-29T16-43-58-b90e",
    "2026-05-29T16-46-44-5bb5",
    "2026-05-29T16-50-03-e693",
    "2026-05-29T16-53-26-dd59",
    "2026-05-29T16-54-35-beee",
    "2026-05-29T16-57-57-c769",
    "2026-05-29T16-59-56-59d4",
    "2026-05-29T17-16-36-e21b",
    "2026-05-29T17-18-34-d53d",
    "2026-05-29T17-29-14-624f",
    "2026-05-29T17-31-04-b571",
    "2026-05-29T17-32-39-612d",
    "2026-05-29T17-37-13-9f6f",
    "2026-05-29T17-44-38-9ba2",
    "2026-05-29T17-52-12-05f9",
    "2026-05-29T17-54-36-cfa3",
    "2026-05-29T17-56-38-856f",
    "2026-05-29T19-08-03-d1a6",
    "2026-05-29T19-09-59-bbe0",
    "2026-05-29T19-12-01-72c8",
    "2026-05-29T19-14-05-f466",
    "2026-05-29T19-15-47-763b",
    "2026-05-29T19-18-39-6b14",
    "2026-05-29T19-20-34-6e6f",
    "2026-05-29T19-22-29-cc03",
    "2026-05-29T19-26-58-98f4",
    "2026-05-29T19-28-52-8455",
    "2026-05-29T19-30-44-a673",
    "2026-05-29T19-32-38-06fd",
    "2026-05-29T19-34-36-1cf1",
    "2026-05-29T19-36-30-3335",
    "2026-05-29T19-38-23-0da0",
    "2026-05-29T19-40-17-f54f",
    "2026-05-29T19-42-26-6cf4",
    "2026-05-29T19-44-20-5dcf",
    "2026-05-29T20-29-05-1a63",
    "2026-05-29T20-31-35-2665",
    "2026-05-29T20-34-40-dddc",
    "2026-05-29T20-37-21-fd07",
    "2026-05-29T20-39-59-2404",
    "2026-05-29T20-42-32-5e19",
    "2026-05-29T20-45-01-7fe3",
    "2026-05-29T20-47-28-1f3e",
    "2026-05-29T23-13-32-3913",
    "2026-05-29T23-16-03-6b19",
    "2026-05-29T23-18-36-aafe",
    "2026-05-29T23-21-03-1478",
    "2026-05-29T23-23-35-ea85",
    "2026-05-29T23-26-07-cc78",
    "2026-05-29T23-28-44-5328",
    "2026-05-29T23-31-23-8fa9",
    "2026-05-30T22-19-45-9005",
    "2026-05-30T22-34-30-8e57",
    "2026-05-30T22-36-24-5f4a",
    "2026-05-30T22-38-18-6e82",
    "2026-05-30T22-40-12-88d0"
  ],
  "meta": {
    "llm_targets_applied": 70,
    "rounds": 5,
    "last_baseline": -8.4354,
    "total_runs_seen": 59
  }
}